Abbrv.;Projects;Tag;Phases;Author/Initiator;Objective;Overview Paper;Year (first published);Journal;Journal Impact Factor;# citations on Google Scholar;# embedded models;CMIP endorsed;ongoing;;;;;;;;;;;;;;;;;;;;;
AerChemMIP;Aerosols and Chemistry Model Intercomparison Project (AerChemMIP);Aerosols;1;William Collins, Michael Schulz, Vaishali Naik; climate and air quality impacts of aerosols and chemically-reactive gases;Collins, W. J., Lamarque, J.-F., Schulz, M., Boucher, O., Eyring, V., Hegglin, M. I., Maycock, A., Myhre, G., Prather, M., Shindell, D., and Smith, S. J.: AerChemMIP: quantifying the effects of chemistry and aerosols in CMIP6, Geosci. Model Dev., 10, 585–607, https://doi.org/10.5194/gmd-10-585-2017, 2017;2017;Geoscientific Model Development;5.1;210;46;True;True;;;;;;;;;;;;;;;;;;;;;
AOMIP;Arctic Ocean Model Intercomparison Project (AOMIP);Ocean/Land/Ice;0;David Holland, Andrey Proshutinsky;impacts of sea-ice changes on climate, identify systematic errors in artic ocean models, reduce uncertainties, sea ice changes 1948-present;Steele, M. et al. (2001): Adrift in the Beaufort Gyre: A model intercomparison, Geophys. Res. Lett., 28(15), 2935-2938, https://doi.org/10.1029/2001GL012845;2001;Geophysical Research Letters;5.2;57;6;False;False;;;;;;;;;;;;;;;;;;;;;
AOMIP;Arctic Ocean Model Intercomparison Project (AOMIP);Ocean/Land/Ice;1;David Holland, Andrey Proshutinsky;1999–2007, identification and attribution of errors, recommendations for improvements to regional coupled ice-ocean models and GCMs, new physics and parameterizations;Proshutinsky, A., et al. (2001), Multinational effort studies differences among arctic ocean models, Eos Trans. AGU, 82(51), 637–644, doi:10.1029/01EO00365.;2001;Eos (formerly Eos, Transactions, American Geophysical Union);;62;8;False;False;;;;;;;;;;;;;;;;;;;;;
AOMIP;Arctic Ocean Model Intercomparison Project (AOMIP);Ocean/Land/Ice;2;David Holland, Andrey Proshutinsky;successor: FAMOS, 2008–2012;Johnson, M., et al. (2012), Evaluation of Arctic sea ice thickness simulated by Arctic Ocean Model Intercomparison Project models, J. Geophys. Res., 117, C00D13, doi:10.1029/2011JC007257.;2012;Journal of Geophysical Research: Oceans;3.6;88;6;False;False;;;;;;;;;;;;;;;;;;;;;
ARCMIP;Arctic Regional Climate Model Intercomparison Project (ARCMIP);Regional Climate;1;Judith Curry, WCRP GEWEX Cloud System Studies Working Group on Polar Clouds, ACSYS Numerical Experimentation Group;assess differences in arctic climate predictions due to physical  parameterizations, error and uncertainty estimates for numerical models of arctic regional climate (general circulation models, regional models), reproduce data from SHEBA project, 1997-1998;Curry, J. A., and Lynch, A. H. (2002), Comparing Arctic Regional Climate Model, Eos Trans. AGU, 83(9), 87–87, doi:10.1029/2002EO000051.;2002;Eos (formerly Eos, Transactions, American Geophysical Union);;74;6;False;False;;;;;;;;;;;;;;;;;;;;;
AGCMIP;Asian-Australian Monsoon Atmospheric GCM Intercomparison Project (AGCMIP);Precipitation;1;In-SIk Kang, World Climate Research Programme;intraseasonal oscillation, monsoon dynamics and hydrology, atmosphere-ocean interaction, global heat budget at the top of atmosphere and the surface, assess performance of atmospheric GCMs;Kang, .IS., Jin, .K., Wang, .B. et al. Intercomparison of the climatological variations of Asian summer monsoon precipitation simulated by 10 GCMs, Climate Dynamics 19, 383–395 (2002), https://doi.org/10.1007/s00382-002-0245-9.;2002;Climate Dynamics;4.6;508;10;False;False;;;;;;;;;;;;;;;;;;;;;
AMIP;Atmospheric Model Intercomparison Project (AMIP);Atmosphere;1;Peter Gleckler;framework enabless analyzation of  AGCMs in a systematic fashion, a process which serves to facilitate model improvement;"Gates, W. L., Boyle, J. S., Covey, C., Dease, C. G., Doutriaux, C. M., Drach, R. S., Fiorino, M., Gleckler, P. J., Hnilo, J. J., Marlais, S. M., Phillips, T. J., Potter, G. L., Santer, B. D., Sperber, K. R., Taylor, K. E., & Williams, D. N. (1999). An Overview of the Results of the Atmospheric Model Intercomparison Project (AMIP I). Bulletin of the American Meteorological Society, 80(1), 29-56. https://doi.org/10.1175/1520-0477(1999)080<0029:AOOTRO>2.0.CO;2";1999;Bulletin of the American Meteorological Society;8;904;27;False;False;;;;;;;;;;;;;;;;;;;;;
AMIP;Atmospheric Model Intercomparison Project (AMIP);Atmosphere;2;Mike Fiorino;wider range of variables and processes, using an improved diagnostic and experimental infrastructure, elimination of temporal and spatial biases;Frei, A., Miller, J. A., and Robinson, D. A. (2003), Improved simulations of snow extent in the second phase of the Atmospheric Model Intercomparison Project (AMIP-2), J. Geophys. Res., 108, 4369, doi:10.1029/2002JD003030, D12.;2005;Journal of Geophysical Research: Atmospheres;4.4;81;15;False;;;;;;;;;;;;;;;;;;;;;;
TransCom;Atmospheric Tracer Transport Model Intercomparison Project (TransCom);Chemistry/Carbon Cycle;1;International Geosphere-Biosphere Programme (IGBP), Kevin Gurney;quantify and diagnose the uncertainty in inversion calculations of the global carbon budget that result from errors in simulated atmospheric transport, fossil-fuel  CO2and  seasonal vegitation experiments,  chemical tracer  transport models;Taguchi, S. (1996), A three-dimensional model of atmospheric CO2 transport based on analyzed winds: Model description and simulation results for TRANSCOM, J. Geophys. Res., 101(D10), 15099–15109, doi:10.1029/96JD00504.;1996;Journal of Geophysical Research: Atmospheres;4.4;49;;False;False;;;;;;;;;;;;;;;;;;;;;
TransCom;Atmospheric Tracer Transport Model Intercomparison Project (TransCom);Chemistry/Carbon Cycle;2;Kevin Gurney;  New intercomparison of model simulations of sulfur hexafluoride transport;Denning, A.S., Holzer, M., Gurney, K.R., Heimann, M., Law, R.M., Rayner, P.J., Fung, I.Y., Fan, S.-M., Taguchi, S., Friedlingstein, P., Balkanski, Y., Taylor, J., Maiss, M. and Levin, I., 1999. Three-dimensional transport and concentration of SF6 A model intercomparison study (TransCom 2). Tellus B: Chemical and Physical Meteorology, 51(2), p.266–297.DOI: https://doi.org/10.3402/tellusb.v51i2.16286;1999;Tellus B: Chemical and Physical Meteorology;;221;;False;False;;;;;;;;;;;;;;;;;;;;;
TransCom;Atmospheric Tracer Transport Model Intercomparison Project (TransCom);Chemistry/Carbon Cycle;3;Kevin Gurney;surface–atmosphere CO2 fluxes, intercomparison of atmospheric CO2 inversion models;Gurney, K., Law, R., Denning, A. et al. Towards robust regional estimates of CO2 sources and sinks using atmospheric transport models. Nature 415, 626–630 (2002). https://doi.org/10.1038/415626a;2002;Nature;64.8;1322;16;False;True;;;;;;;;;;;;;;;;;;;;;
CDRMIP;Carbon Dioxide Removal Model Intercomparison Project (CDRMIP);Geoengineering;1;David P. Keller, Andrew Lenton, Vivian Scott, Naomi Vaughan;potential, impacts and challenges of carbon dioxide removal (CDR), climate reversibility, earth system models;Keller, D. P., Lenton, A., Scott, V., Vaughan, N. E., Bauer, N., Ji, D., Jones, C. D., Kravitz, B., Muri, H., and Zickfeld, K.: The Carbon Dioxide Removal Model Intercomparison Project (CDRMIP): rationale and experimental protocol for CMIP6, Geosci. Model Dev., 11, 1133–1160, https://doi.org/10.5194/gmd-11-1133-2018, 2018. ;2018;Geoscientific Model Development;5.1;84;11;True;True;;;;;;;;;;;;;;;;;;;;;
CFMIP;Cloud Model Feedback Intercomparison Project (CFMIP);Clouds/Circulation;1;Jennifer Kay, Paulo Ceppi, Mark Zelinka;Cloud-climate feedback mechanisms, physical parameterizations in the General Circulation Models, intermodel differences;Tsushima, Y., Emori, S., Ogura, T. et al. Importance of the mixed-phase cloud distribution in the control climate for assessing the response of clouds to carbon dioxide increase: a multi-model study. Clim Dyn 27, 113–126 (2006). https://doi.org/10.1007/s00382-006-0127-7;2006;Climate Dynamics;4.6;184;9;True;;;;;;;;;;;;;;;;;;;;;;
CFMIP;Cloud Model Feedback Intercomparison Project (CFMIP);Clouds/Circulation;2;Mark Webb, Sandrine Bony, George Tselioudis, Chris Bretherton;improve cloud simulations, COSP package (for evaluating cloud descriptions in climate models);Klein, S. A., Zhang, Y., Zelinka, M. D., Pincus, R., Boyle, J., and Gleckler, P. J. (2013), Are climate model simulations of clouds improving? An evaluation using the ISCCP simulator, J. Geophys. Res. Atmos., 118, 1329–1342, doi:10.1002/jgrd.50141.;2013;JGR Atmospheres;;221;10;True;;;;;;;;;;;;;;;;;;;;;;
CFMIP;Cloud Model Feedback Intercomparison Project (CFMIP);Clouds/Circulation;3;George Tselioudis and Masahiro Watanabe;;Webb, M. J., Andrews, T., Bodas-Salcedo, A., Bony, S., Bretherton, C. S., Chadwick, R., Chepfer, H., Douville, H., Good, P., Kay, J. E., Klein, S. A., Marchand, R., Medeiros, B., Siebesma, A. P., Skinner, C. B., Stevens, B., Tselioudis, G., Tsushima, Y., and Watanabe, M.: The Cloud Feedback Model Intercomparison Project (CFMIP) contribution to CMIP6, Geosci. Model Dev., 10, 359–384, https://doi.org/10.5194/gmd-10-359-2017, 2017. ;2017;Geoscientific Model Development;5.1;165;15;True;True;;;;;;;;;;;;;;;;;;;;;
C20C;Climate of the Twentieth Century Project (C20C);Decadal Prediction;1;CLIVAR by WCRP, Chris Folland  and Jim Kinter;impose atmospheric forcing of last 150 years to reproduce climate variations -> impactz of anthropogenic forcing, CGCMs and AGCMs, originally created by the UK Met Office Hadley Centre in 1993 for IPCC AR2, Re-launched by COLA and the Met Office Hadley Centre in 2000, CLIVAR since 2003, new project: C20C detection and attribution;Scaife, A.A., Kucharski, F., Folland, C.K. et al. The CLIVAR C20C project: selected twentieth century climate events. Clim Dyn 33, 603–614 (2009). https://doi.org/10.1007/s00382-008-0451-1;2008;Climate Dynamics;4.6;125;13;False;True;;;;;;;;;;;;;;;;;;;;;
CORDEX;Coordinated Regional Climate Downscaling Experiment (CORDEX);Impacts;1;Silvina Solman, Daniela Jacob;evaluate regional climate model performance, provide common framework for downscaling activities around the world;Nikulin, G., Jones, C., Giorgi, F., Asrar, G., Büchner, M., Cerezo-Mota, R., Christensen, O. B., Déqué, M., Fernandez, J., Hänsler, A., van Meijgaard, E., Samuelsson, P., Sylla, M. B., & Sushama, L. (2012). Precipitation Climatology in an Ensemble of CORDEX-Africa Regional Climate Simulations. Journal of Climate, 25(18), 6057-6078. https://doi.org/10.1175/JCLI-D-11-00375.1;2012;Journal of Climate;4.9;681;;False;False;;;;;;;;;;;;;;;;;;;;;
CORDEX;Coordinated Regional Climate Downscaling Experiment (CORDEX);Impacts;2;Silvina Solman, Daniela Jacob;basis for making use of CMIP6 global output to produce downscaled projected changes in regional climates;Gutowski Jr., W. J., Giorgi, F., Timbal, B., Frigon, A., Jacob, D., Kang, H.-S., Raghavan, K., Lee, B., Lennard, C., Nikulin, G., O'Rourke, E., Rixen, M., Solman, S., Stephenson, T., and Tangang, F.: WCRP COordinated Regional Downscaling EXperiment (CORDEX): a diagnostic MIP for CMIP6, Geosci. Model Dev., 9, 4087–4095, https://doi.org/10.5194/gmd-9-4087-2016, 2016. ;2016;Geoscientific Model Development;5.1;289;14;True;True;;;;;;;;;;;;;;;;;;;;;
CMIP;Coupled Model Intercomparison Project (CMIP);Model Performance;1;Jerry Meehl;standard experimental framework for studying the output of coupled atmosphere-ocean general circulation models (CGCM's);Meehl, G. A., Boer, G. J., Covey, C., Latif, M., and Stouffer, R. J. (1997), Intercomparison makes for a better climate model, Eos Trans. AGU, 78(41), 445–451, doi:10.1029/97EO00276. ;1997;Eos (formerly Eos, Transactions, American Geophysical Union);;129;18;False;;;;;;;;;;;;;;;;;;;;;;
CMIP;Coupled Model Intercomparison Project (CMIP);Model Performance;2;Jerry Meehl;comparison of coupled model climate sensitivity, experiments share the same CO2 forcing (1%/yr to CO2 doubling);"Räisänen, J. (2001). CO2-Induced Climate Change in CMIP2 Experiments: Quantification of Agreement and Role of Internal Variability. Journal of Climate, 14(9), 2088-2104. https://doi.org/10.1175/1520-0442(2001)014<2088:CICCIC>2.0.CO;2";2001;Journal of Climate;4.9;208;18;False;;;;;;;;;;;;;;;;;;;;;;
CMIP;Coupled Model Intercomparison Project (CMIP);Model Performance;3;Jerry Meehl;;Meehl, G. A., Covey, C., Delworth, T., Latif, M., McAvaney, B., Mitchell, J. F. B., Stouffer, R. J., & Taylor, K. E. (2007). THE WCRP CMIP3 Multimodel Dataset: A New Era in Climate Change Research. Bulletin of the American Meteorological Society, 88(9), 1383-1394. https://doi.org/10.1175/BAMS-88-9-1383;2007;Bulletin of the American Meteorological Society;8;3315;25;False;;;;;;;;;;;;;;;;;;;;;;
CMIP;Coupled Model Intercomparison Project (CMIP);Model Performance;5;Jerry Meehl;NOTE: no information available about CMIP4;Taylor, K. E., Stouffer, R. J., & Meehl, G. A. (2012). An Overview of CMIP5 and the Experiment Design. Bulletin of the American Meteorological Society, 93(4), 485-498. https://doi.org/10.1175/BAMS-D-11-00094.1;2012;Bulletin of the American Meteorological Society;8;14137;61;False;;;;;;;;;;;;;;;;;;;;;;
CMIP;Coupled Model Intercomparison Project (CMIP);Model Performance;6;John Dunne, Helene Hewitt ; coordination of design and distribution of global simulations, earth system's response to forcing, systematic model biases, 23 endorsed MIP's, CMIP7 in progress;Eyring, V., Bony, S., Meehl, G. A., Senior, C. A., Stevens, B., Stouffer, R. J., and Taylor, K. E.: Overview of the Coupled Model Intercomparison Project Phase 6 (CMIP6) experimental design and organization, Geosci. Model Dev., 9, 1937–1958, https://doi.org/10.5194/gmd-9-1937-2016, 2016. ;2016;Geoscientific Model Development;5.1;5656;474;False;True;;;;;;;;;;;;;;;;;;;;;
C4MIP;Coupled Carbon Cycle Climate Model Intercomparison Project (C4MIP);Chemistry/Carbon Cycle;1;Pierre Friedlingstein, Chris Jones, Vivek Arora;quantify interaction between carbon cycle and climate; Jones, C. D., Arora, V., Friedlingstein, P., Bopp, L., Brovkin, V., Dunne, J., Graven, H., Hoffman, F., Ilyina, T., John, J. G., Jung, M., Kawamiya, M., Koven, C., Pongratz, J., Raddatz, T., Randerson, J. T., and Zaehle, S.: C4MIP – The Coupled Climate–Carbon Cycle Model Intercomparison Project: experimental protocol for CMIP6, Geosci. Model Dev., 9, 2853–2880, https://doi.org/10.5194/gmd-9-2853-2016, 2016. ;2016;Geoscientific Model Development;5.1;197;20;True;True;;;;;;;;;;;;;;;;;;;;;
CIRC;Continuous Intercomparison of Radiation Codes (CIRC);Forcing;1;Lazaros Oreopoulos, Eli Mlawer, GEWEX's GDAP and GASS panels;successor to seminal ICRCCM, evolving and regularly updated reference source for GCM-type radiative transfer (RT) code evaluation, contribute to the improvement of solar and thermal RT parameterizations ;Oreopoulos, L., & Mlawer, E. (2010). THE CONTINUAL INTERCOMPARISON OF RADIATION CODES (CIRC): Assessing Anew the Quality of GCM Radiation Algorithms. Bulletin of the American Meteorological Society, 91(3), 305–310. http://www.jstor.org/stable/26232884;2010;Bulletin of the American Meteorological Society;;36;7;False;False;;;;;;;;;;;;;;;;;;;;;
DCPP;Decadal Climate Prediction Project (DCPP);Decadal Prediction;1;Steve Yeager, Jon Robson, WCRP;Quasi-real-time forecasts, decadal climate variations, case studies of past climate behavior;Boer, G. J., Smith, D. M., Cassou, C., Doblas-Reyes, F., Danabasoglu, G., Kirtman, B., Kushnir, Y., Kimoto, M., Meehl, G. A., Msadek, R., Mueller, W. A., Taylor, K. E., Zwiers, F., Rixen, M., Ruprich-Robert, Y., and Eade, R.: The Decadal Climate Prediction Project (DCPP) contribution to CMIP6, Geosci. Model Dev., 9, 3751–3777, https://doi.org/10.5194/gmd-9-3751-2016, 2016. ;;Geoscientific Model Development;5.1;259;18;True;maybe;;;;;;;;;;;;;;;;;;;;;
DAMIP;Detection and Attribution Model Intercomparison Project (DAMIP);Forcing;1;Nathan Gillett, Hideo Shiogama;multi model, understand climate change due to natural, unforced variability or in response to changes in radiative forcing, improve estimates;Gillett, N. P., Shiogama, H., Funke, B., Hegerl, G., Knutti, R., Matthes, K., Santer, B. D., Stone, D., and Tebaldi, C.: The Detection and Attribution Model Intercomparison Project (DAMIP v1.0) contribution to CMIP6, Geosci. Model Dev., 9, 3685–3697, https://doi.org/10.5194/gmd-9-3685-2016, 2016. ;2016;Geoscientific Model Development;5.1;246;24;True;True;;;;;;;;;;;;;;;;;;;;;
DynVarMIP;Dynamics and Variability Model Intercomparison Project (DynVarMIP);Clouds/Circulation;1;Edwin Gerber, Elisa Manzini;provides additional model output from existing CMIP6 experiments, diagnostics of atmospheric momentum and energy transport, stratosphere, troposphere; Gerber, E. P. and Manzini, E.: The Dynamics and Variability Model Intercomparison Project (DynVarMIP) for CMIP6: assessing the stratosphere–troposphere system, Geosci. Model Dev., 9, 3413–3425, https://doi.org/10.5194/gmd-9-3413-2016, 2016. ;2016;Geoscientific Model Development;5.1;27;22;True;True;;;;;;;;;;;;;;;;;;;;;
DYNAMO;Dynamics of North Atlantic Models (DYNAMO);Ocean/Land/Ice;1;Claus Boening;improved simulation of the circulation in the North Atlantic Ocean, reproduce the essential features of the hydrographic structure and velocity field between 20°S and 70°N.;unpublished;1997;;;;;False;False;;;;;;;;;;;;;;;;;;;;;
EMDI;Ecosystem Model-Data Intercomparison (EMDI);Chemistry/Carbon Cycle;1;Kathy Hibbard;coparison of global carbon cycle models with measured net primary production (NPP),  establish a consistent global NPP data set,  constrain the modelled responses of terrestrial carbon cycling to changes in CO2 and climate;Del Grosso, S., Parton, W., Stohlgren, T., Zheng, D., Bachelet, D., Prince, S., Hibbard, K. and Olson, R. (2008), GLOBAL POTENTIAL NET PRIMARY PRODUCTION PREDICTED FROM VEGETATION CLASS, PRECIPITATION, AND TEMPERATURE. Ecology, 89: 2117-2126. https://doi.org/10.1890/07-0850.1;2008;Ecology;4.8;445;12;False;;;;;;;;;;;;;;;;;;;;;;
ENSIP;El Nino simulation Intercomparison Project (ENSIP);Ocean/Land/Ice;1;M. Latif;investigated relationship between the interannual sea surface temperature variations in the equatorial Pacific with fluctuations of the Indian Summer Monsoon;Latif, M., Sperber, K., Arblaster, J. et al. ENSIP: the El Niño simulation intercomparison project. Climate Dynamics 18, 255–276 (2001). https://doi.org/10.1007/s003820100174;2001;Climate Dynamics;4.6;353;24;False;;;;;;;;;;;;;;;;;;;;;;
ESM-SnowMIP;Earth System Model snow module intercomparison/improvement project (ESM-SnowMIP);Ocean/Land/Ice;1;Chris Derksen, Gerhard Krinner;related to LS3MIP, better quantify snow-related feedbacks in the Earth system (snow still continuing weakness in global land surface schemes),  correct representation of snow and its effects on the climate system in ESM's, transpose results of SnowMIP etc. to snow modules of the larger Earth System models;Krinner, G. et al.: ESM-SnowMIP: assessing snow models and quantifying snow-related climate feedbacks, Geosci. Model Dev., 11, 5027–5049, https://doi.org/10.5194/gmd-11-5027-2018, 2018. ;2018;Geoscientific Model Development;5.1;94;;False;True;;;;;;;;;;;;;;;;;;;;;
FireMIP;Fire Modeling Intercomparison Project (FireMIP);Ocean/Land/Ice;1;Matthew Forrest, Stijn Hantson;performance of fire models over the historical period;Rabin, S. S. et al.: The Fire Modeling Intercomparison Project (FireMIP), phase 1: experimental and analytical protocols with detailed model descriptions, Geosci. Model Dev., 10, 1175–1197, https://doi.org/10.5194/gmd-10-1175-2017, 2017. ;2017;Geoscientific Model Development;5.1;134;11;False;True;;;;;;;;;;;;;;;;;;;;;
FAFMIP;Flux-Anomaly-Forced Model Intercomparison Project (FAFMIP);Ocean/Land/Ice;1;Jonathan Gregory;(A)OGCM's, surface flux pertubations on ocean water surface under 1%CO2 scenario, quantify sea level change in response to CO2 forcing, interior distribution of ocean heat uptake in response to climate change;Gregory, J. M., Bouttes, N., Griffies, S. M., Haak, H., Hurlin, W. J., Jungclaus, J., Kelley, M., Lee, W. G., Marshall, J., Romanou, A., Saenko, O. A., Stammer, D., and Winton, M.: The Flux-Anomaly-Forced Model Intercomparison Project (FAFMIP) contribution to CMIP6: investigation of sea-level and ocean climate change in response to CO2 forcing, Geosci. Model Dev., 9, 3993–4017, https://doi.org/10.5194/gmd-9-3993-2016, 2016. ;2016;Geoscientific Model Development;5.1;124;11;True;True;;;;;;;;;;;;;;;;;;;;;
FAMOS;Forum for Arctic modeling and observational synthesis (FAMOS);Ocean/Land/Ice;1;Andrey Proshutinsky, Mike Steele;successor to AOMIP;Proshutinsky, A., Steele, M., and Timmermans, M.-L. (2016), Forum for Arctic Modeling and Observational Synthesis (FAMOS): Past, current, and future activities, J. Geophys. Res. Oceans, 121, 3803–3819, doi:10.1002/2016JC011898. ;2016;Journal of Geophysical Research: Oceans;3.6;33;;False;True;;;;;;;;;;;;;;;;;;;;;
GeoMIP;Geoengineering Model Intercomparison Project (GeoMIP);Geoengineering;1;Daniele Visioni, Alan Robock;Assess risks and benefits of geoengineering (radiation management methods) e.g. solar dimming, prescribing experiments which will be performed by all participating climate models;Kravitz, B., Robock, A., Tilmes, S., Boucher, O., English, J. M., Irvine, P. J., Jones, A., Lawrence, M. G., MacCracken, M., Muri, H., Moore, J. C., Niemeier, U., Phipps, S. J., Sillmann, J., Storelvmo, T., Wang, H., and Watanabe, S.: The Geoengineering Model Intercomparison Project Phase 6 (GeoMIP6): simulation design and preliminary results, Geosci. Model Dev., 8, 3379–3392, https://doi.org/10.5194/gmd-8-3379-2015, 2015. ;2015;Geoscientific Model Development;5.1;130;9;True;True;;;;;;;;;;;;;;;;;;;;;
GABLS;GEWEX Atmospheric Boundary Layer Study (GABLS);Atmosphere;1;Bert Holtslag;improve the representation of the medium stable Atmospheric Boundary Layer (ABL) over land (improve climate change predictions over land), physics in single-column coupled atmosphere/land-surface/ocean models;Cuxart, J., Holtslag, A.A.M., Beare, R.J. et al. Single-Column Model Intercomparison for a Stably Stratified Atmospheric Boundary Layer. Boundary-Layer Meteorol 118, 273–303 (2006). https://doi.org/10.1007/s10546-005-3780-1;2005;Boundary-Layer Meteorology;4.3;398;19;False;False;;;;;;;;;;;;;;;;;;;;;
GABLS;GEWEX Atmospheric Boundary Layer Study (GABLS);Atmosphere;2;Bert Holtslag;examine the diurnal cycle over land, differences in low-level stability affecting the turbulence and the turbulent heat fluxes;Svensson, G., Holtslag, A.A.M., Kumar, V. et al. Evaluation of the Diurnal Cycle in the Atmospheric Boundary Layer Over Land as Represented by a Variety of Single-Column Models: The Second GABLS Experiment. Boundary-Layer Meteorol 140, 177–206 (2011). https://doi.org/10.1007/s10546-011-9611-7;2011;Boundary-Layer Meteorology;4.3;210;30;False;False;;;;;;;;;;;;;;;;;;;;;
GABLS;GEWEX Atmospheric Boundary Layer Study (GABLS);Atmosphere;3;Bert Holtslag;single-column models with temporal evolution of forcings on the vertical column, features of the stable boundary layer (SBL) such as the onset of evening momentum decoupling;Bosveld, F.C., Baas, P., Steeneveld, GJ. et al. The Third GABLS Intercomparison Case for Evaluation Studies of Boundary-Layer Models. Part B: Results and Process Understanding. Boundary-Layer Meteorol 152, 157–187 (2014). https://doi.org/10.1007/s10546-014-9919-1;2014;Boundary-Layer Meteorology;4.3;101;19;False;False;;;;;;;;;;;;;;;;;;;;;
GABLS;GEWEX Atmospheric Boundary Layer Study (GABLS);Atmosphere;4;Bert Holtslag;strong ABL stability with a surface with low conductivity and high cooling potential e.g. snow (glacier);Couvreux, F., Bazile, E., Rodier, Q. et al. Intercomparison of Large-Eddy Simulations of the Antarctic Boundary Layer for Very Stable Stratification. Boundary-Layer Meteorol 176, 369–400 (2020). https://doi.org/10.1007/s10546-020-00539-4;2020;Boundary-Layer Meteorology;4.3;28;10;False;?;;;;;;;;;;;;;;;;;;;;;
GCSS;GEWEX Cloud System Study (GCSS);Clouds/Circulation;1;Steve Krueger;correct parametrization of clouds, improved understanding of the physical processes of cloud systems ( marine boundary-layer, Cirrus, extra-tropical layer, tropical deep convection and polar clouds), weather predictions with wide range of models;"GEWEX Cloud System, Science Team. (1993). The GEWEX Cloud System Study (GCSS). Bulletin of the American Meteorological Society, 74(3), 387-400. https://doi.org/10.1175/1520-0477(1993)074<0387:TGCSS>2.0.CO;2";1993;Bulletin of the American Meteorological Society;8;45;;False;False;;;;;;;;;;;;;;;;;;;;;
GRIPS;GCM-Reality Intercomparison Project for SPARC (GRIPS);Model Performance;1;Steve Pawson;assessing performance of middle atmosphere-climate models;"Pawson, S. et al. (2000). The GCM-Reality Intercomparison Project for SPARC (GRIPS): Scientific Issues and Initial Results. Bulletin of the American Meteorological Society, 81(4), 781-796. https://doi.org/10.1175/1520-0477(2000)081<0781:TGIPFS>2.3.CO;2";2000;Bulletin of the American Meteorological Society;8;211;13;False;False;;;;;;;;;;;;;;;;;;;;;
GlacierMIP;Glacier Model Intercomparison Project (GlacierMIP);Ocean/Land/Ice;1; Harry Zekollari,  Regine Hock and Ben Marzeion, CliC by WCRP;Close collaboration with ISMIP, framework for a coordinated intercomparison of global-scale glacier mass change models, understanding of past and future glacier changes and their contribution to sea-level rise;HOCK, R., BLISS, A., MARZEION, B., GIESEN, R., HIRABAYASHI, Y., HUSS, M., . . . SLANGEN, A. (2019). GlacierMIP – A model intercomparison of global-scale glacier mass-balance models and projections. Journal of Glaciology, 65(251), 453-467. doi:10.1017/jog.2019.22;2019;"
Journal of Glaciology";4.3;197;25;False;False;;;;;;;;;;;;;;;;;;;;;
GlacierMIP;Glacier Model Intercomparison Project (GlacierMIP);Ocean/Land/Ice;2; Harry Zekollari,  Regine Hock and Ben Marzeion, CliC by WCRP;global-scale glacier volume projections until 2100; Marzeion, B., Hock, R., Anderson, B., Bliss, A., Champollion, N., Fujita, K., et al. (2020). Partitioning the uncertainty of ensemble projections of global glacier mass change. Earth's Future. 8, e2019EF001470. https://doi.org/10.1029/2019EF001470 ;2020;Earth's Future;8.2;117;21;False;False;;;;;;;;;;;;;;;;;;;;;
GlacierMIP;Glacier Model Intercomparison Project (GlacierMIP);Ocean/Land/Ice;3;"Harry Zekollari, Lilian Schuster
Fabien Maussion";quantify the equilibrium volume and area of all glaciers outside the ice sheets if global mean temperatures were to stabilize at different temperature levels;unpublished;;;;;;False;True;;;;;;;;;;;;;;;;;;;;;
GLACE;Global Land-Atmosphere Coupling Experiment (GLACE);Precipitation;1;Randy Koster;"role of soil moisture for (sub-) seasonal climate predictability, week-to-week precipitation 
variability can be influenced by prescribed variations in deeper (below 10 cm) soil moisture reservoirs";Randal D. Koster et al., Regions of Strong Coupling Between Soil Moisture and Precipitation.Science305,1138-1140(2004).DOI:10.1126/science.1100217;2004;Science;56.9;2827;16;False;False;;;;;;;;;;;;;;;;;;;;;
GLACE;Global Land-Atmosphere Coupling Experiment (GLACE);Precipitation;2;Randy Koster;solate soil moisture initialization impacts on subseasonal forecast skill measured against real observations;Koster, R. D. et al., (2011). The Second Phase of the Global Land–Atmosphere Coupling Experiment: Soil Moisture Contributions to Subseasonal Forecast Skill. Journal of Hydrometeorology, 12(5), 805-822. https://doi.org/10.1175/2011JHM1365.1;2011;Journal of Hydrometeorology;3.8;357;11;False;False;;;;;;;;;;;;;;;;;;;;;
GLACE;Global Land-Atmosphere Coupling Experiment (GLACE);Precipitation;3;Sonia I. Seneviratne, Bart van den Hurk;GLACE-CMIP5, investigate  interannual variability of soil moisture by extending the time series to 30-​year climatology;Seneviratne, S. I., et al. (2013), Impact of soil moisture-climate feedbacks on CMIP5 projections: First results from the GLACE-CMIP5 experiment, Geophys. Res. Lett., 40, 5212–5217, doi:10.1002/grl.50956.;2013;Geophysical Research Letters;5.2;336;5;True;True;;;;;;;;;;;;;;;;;;;;;
GMMIP;Global Monsoons Model Intercomparison Project (GMMIP);Regional Climate;1;Tianjun Zhou, Andy Turner, James Kinter; physical processes in global monsoon systems, simulate the mean state, interannual variability and long-term change of global monsoons; Zhou, T., Turner, A. G., Kinter, J. L., Wang, B., Qian, Y., Chen, X., Wu, B., Wang, B., Liu, B., Zou, L., and He, B.: GMMIP (v1.0) contribution to CMIP6: Global Monsoons Model Inter-comparison Project, Geosci. Model Dev., 9, 3589–3604, https://doi.org/10.5194/gmd-9-3589-2016, 2016.;2016;Geoscientific Model Development;5.1;85;18;True;?;;;;;;;;;;;;;;;;;;;;;
GSWP;Global Soil Wetness Project (GSWP);Forcing;0;Paul Dirmeyer;GSWP-1, produce global data sets of land surface fluxes, state variables, and related hydrologic quantities, land surface analysis;"Dirmeyer, P. A., Dolman, A. J., & Sato, N. (1999). The Pilot Phase of the Global Soil Wetness Project. Bulletin of the American Meteorological Society, 80(5), 851-878. https://doi.org/10.1175/1520-0477(1999)080<0851:TPPOTG>2.0.CO;2";1999;Bulletin of the American Meteorological Society;8;431;11;False;False;;;;;;;;;;;;;;;;;;;;;
GSWP;Global Soil Wetness Project (GSWP);Forcing;1;Paul Dirmeyer;"GSWP-2, creating a single dataset synthesized from all model
runs";Dirmeyer, P. A., Gao, X., Zhao, M., Guo, Z., Oki, T., & Hanasaki, N. (2006). GSWP-2: Multimodel Analysis and Implications for Our Perception of the Land Surface. Bulletin of the American Meteorological Society, 87(10), 1381-1398. https://doi.org/10.1175/BAMS-87-10-1381;2006;Bulletin of the American Meteorological Society;8;702;15;False;False;;;;;;;;;;;;;;;;;;;;;
HighResMIP;High Resolution Model Intercomparison Project (HighResMIP);Regional Climate;1;Malcolm Roberts, Rein Haarsma;multi-model approach to the systematic investigation of the impact of horizontal resolution;Haarsma, R. J. et al.: High Resolution Model Intercomparison Project (HighResMIP v1.0) for CMIP6, Geosci. Model Dev., 9, 4185–4208, https://doi.org/10.5194/gmd-9-4185-2016, 2016. ;2016;Geoscientific Model Development;5.1;601;41;True;;;;;;;;;;;;;;;;;;;;;;
HighResMIP;High Resolution Model Intercomparison Project (HighResMIP);Regional Climate;2;Malcolm Roberts, Rein Haarsma;atmosphere-only simulations. Extending coupled future simulations to 2100;unpublished;;;;;;True;True;;;;;;;;;;;;;;;;;;;;;
ISMIP6;Ice Sheet Model Intercomparison Project for CMIP6 (ISMIP6);Ocean/Land/Ice;1;Antony Payne, Eric Larour, Sophie Nowicki, CliC by WCRP;ISMIP6, process-based projections of the ice sheet sea-level contribution, establish worldwide network of modellers;Nowicki, S. M. J., Payne, A., Larour, E., Seroussi, H., Goelzer, H., Lipscomb, W., Gregory, J., Abe-Ouchi, A., and Shepherd, A.: Ice Sheet Model Intercomparison Project (ISMIP6) contribution to CMIP6, Geosci. Model Dev., 9, 4521–4545, https://doi.org/10.5194/gmd-9-4521-2016, 2016.;2016;Geoscientific Model Development;5.1;127;21;True;True;;;;;;;;;;;;;;;;;;;;;
ISIMIP;Inter-sectorial impact model intercomparison project (ISIMIP);Impacts;0;Katja Frieler, Martin Park;fast track/pilot, impacts of different levels of global warming;Warszawski, L. et al. (2013): The Inter-Sectoral Impact Model Intercomparison Project (ISI–MIP): Project framework, Perspective, 111(9), pp. 3228-3232, https://doi.org/10.1073/pnas.1312330110;2014;PNAS;;1081;35;False;False;;;;;;;;;;;;;;;;;;;;;
ISIMIP;Inter-sectorial impact model intercomparison project (ISIMIP);Impacts;1;Katja Frieler, Martin Park;2A, fisheries, permafrost, biodiversity, regional water, forests and energy etc., common global observational climate data set across all impact models and sectors, new scenarios that focus on enhanced cross-sectoral integration;Müller Schmied, H., Adam, L., Eisner, S., Fink, G., Flörke, M., Kim, H., Oki, T., Portmann, F. T., Reinecke, R., Riedel, C., Song, Q., Zhang, J., and Döll, P.: Variations of global and continental water balance components as impacted by climate forcing uncertainty and human water use, Hydrol. Earth Syst. Sci., 20, 2877–2898, https://doi.org/10.5194/hess-20-2877-2016, 2016;2016;Hydrology and Earth System Sciences;;181;39;False;False;;;;;;;;;;;;;;;;;;;;;
ISIMIP;Inter-sectorial impact model intercomparison project (ISIMIP);Impacts;2;Katja Frieler, Martin Park;2B, water, fisheries and marine ecosystems, energy supply and demand, forests, biomes, agriculture, agro-economics, terrestrial biodiversity, permafrost, coastal systems, health and lakes;Frieler, K. et al.: Assessing the impacts of 1.5 °C global warming – simulation protocol of the Inter-Sectoral Impact Model Intercomparison Project (ISIMIP2b), Geosci. Model Dev., 10, 4321–4345, https://doi.org/10.5194/gmd-10-4321-2017, 2017.;2017;Geoscientific Model Development;5.1;491;95;False;False;;;;;;;;;;;;;;;;;;;;;
ISIMIP;Inter-sectorial impact model intercomparison project (ISIMIP);Impacts;3;Katja Frieler, Martin Park;3A, impact model evaluation and improvement, detection and attribution of observed impacts, includes a counterfactual “no-climate change baseline”;Lange, S.: Trend-preserving bias adjustment and statistical downscaling with ISIMIP3BASD (v1.0), Geosci. Model Dev., 12, 3055–3070, https://doi.org/10.5194/gmd-12-3055-2019, 2019;2019;Geoscientific Model Development;5.1;203;71;False;True;;;;;;;;;;;;;;;;;;;;;
ISIMIP;Inter-sectorial impact model intercomparison project (ISIMIP);Impacts;4;Katja Frieler, Martin Park;3B, providing socioeconomic forcing data for different adaptation scenarios, quantification of climate-related risks at different levels of climate change and socio-economic conditions;Busschaert, L., de Roos, S., Thiery, W., Raes, D., and De Lannoy, G. J. M.: Net irrigation requirement under different climate scenarios using AquaCrop over Europe, Hydrol. Earth Syst. Sci., 26, 3731–3752, https://doi.org/10.5194/hess-26-3731-2022, 2022.;2022;Hydrology and Earth System Sciences;;4;38;False;True;;;;;;;;;;;;;;;;;;;;;
LS3MIP;Land Surface, Snow and Soil Moistures Model Intercomparison Project (LS3MIP);Ocean/Land/Ice;1;GEWEX and CliC by WCPR, coordinated effort of GSWP3, GLACE_CMIP and ESM-SnowMIP, Gerhard Krinner, Bart van den Hurk, Sonia Seneviratne, Chris Derksen, Taikan Oki, Hyungjun Kim;comprehensive assessment of land surface-, snow-, and soil moisture-climate feedbacks, quantify the associated uncertainties and to better constrain climate change projections, close cooperation with ESM-SnowMIP;van den Hurk, B. et al.: LS3MIP (v1.0) contribution to CMIP6: the Land Surface, Snow and Soil moisture Model Intercomparison Project – aims, setup and expected outcome, Geosci. Model Dev., 9, 2809–2832, https://doi.org/10.5194/gmd-9-2809-2016, 2016. ;2016;Geoscientific Model Development;5.1;155;15;True;?;;;;;;;;;;;;;;;;;;;;;
LUMIP;Land-Use Model Intercomparison Project (LUMIP);Land Use;1;George Hurtt, David Lawrence;impacts of land-use and land-cover change on climate and biogeochemical cycling; Lawrence, D. M. et al.: The Land Use Model Intercomparison Project (LUMIP) contribution to CMIP6: rationale and experimental design, Geosci. Model Dev., 9, 2973–2998, https://doi.org/10.5194/gmd-9-2973-2016, 2016. ;2016;Geoscientific Model Development;5.1;276;21;True;?;;;;;;;;;;;;;;;;;;;;;
MISOMIP;Marine Ice Sheet-Ocean Model Intercomparison Project (MISOMIP);Ocean/Land/Ice;1;David Holland (initiator), Stephen Cornford and Hilmar Gudmundsson;"Combines MISMIP and ISOMIP experiments but with coupled ice
sheet–ocean models, includes marine-icesheet instability";Asay-Davis, X. S. et al.: Experimental design for three interrelated marine ice sheet and ocean model intercomparison projects: MISMIP v. 3 (MISMIP +), ISOMIP v. 2 (ISOMIP +) and MISOMIP v. 1 (MISOMIP1), Geosci. Model Dev., 9, 2471–2497, https://doi.org/10.5194/gmd-9-2471-2016, 2016.;2016;Geoscientific Model Development;5.1;137;;False;False;;;;;;;;;;;;;;;;;;;;;
MISOMIP;Marine Ice Sheet-Ocean Model Intercomparison Project (MISOMIP);Ocean/Land/Ice;2; Jan De Rydt, Nicolas Jourdain;investigate the robustness of ocean and ocean--ice-sheet models in a range of Antarctic environments, comparisons to interannual observational data;unpublished;;;;;;False;True;;;;;;;;;;;;;;;;;;;;;
MM;Models and Measurements (MM): Stratospheric Transport;Chemistry/Carbon Cycle;1;Jae H. Park;environmental assessments of chlorofluorocarbons, aircraft emissions, and climate-chemistry interactions, simulation of observations;unpublished;;;;;;False;False;;;;;;;;;;;;;;;;;;;;;
MM;Models and Measurements (MM): Stratospheric Transport;Chemistry/Carbon Cycle;2;Jae H. Park;MM2,  stratospheric transport and chemistry in the context of the stratospheric ozone depletion ;Hall, T. M., Waugh, D. W., Boering, K. A., and Plumb, R. A. (1999), Evaluation of transport in stratospheric models, J. Geophys. Res., 104(D15), 18815–18839, doi:10.1029/1999JD900226.;1999;Journal of Geophysical Research: Atmospheres;4.4;221;29;False;False;;;;;;;;;;;;;;;;;;;;;
OCMIP;Ocean Carbon-Cycle Model Intercomparison Project (OCMIP);Ocean/Land/Ice;0;Mike Sparrow;pilot stage OCMIP-1, ocean, sea-ice, and biogeochemical components of climate and earth system models;Sarmiento, J. L., Monfray, P., Maier-Reimer, E., Aumont, O., Murnane, R. J., and Orr, J. C. (2000), Sea-air CO2 fluxes and carbon transport: A comparison of three ocean general circulation models, Global Biogeochem. Cycles, 14(4), 1267–1281, doi:10.1029/1999GB900062.;2000;Global Biogeochemical Cycles;5.2;125;4;False;False;;;;;;;;;;;;;;;;;;;;;
OCMIP;Ocean Carbon-Cycle Model Intercomparison Project (OCMIP);Ocean/Land/Ice;1;Mike Sparrow;OCMIP-2;Dutay J.-C. et al. (2002): Evaluation of ocean model ventilation with CFC-11: comparison of 13 global ocean models, Ocean Modelling, 4(2), pp. 89-120, https://doi.org/10.1016/S1463-5003(01)00013-0.;2002;Ocean Modelling;3.2;269;13;False;False;;;;;;;;;;;;;;;;;;;;;
OCMIP;Ocean Carbon-Cycle Model Intercomparison Project (OCMIP);Ocean/Land/Ice;2;Mike Sparrow;OCMIP-3;Raynaud, S., Orr, J. C., Aumont, O., Rodgers, K. B., and Yiou, P.: Interannual-to-decadal variability of North Atlantic air-sea CO2 fluxes, Ocean Sci., 2, 43–60, https://doi.org/10.5194/os-2-43-2006, 2006.;2006;Ocean Science;3.2;18;13;False;False;;;;;;;;;;;;;;;;;;;;;
OMIP;Ocean Model Intercomparison Project (OMIP);Ocean/Land/Ice;1;Gokhan Danabasoglu, Stephen Griffies and James Or; evaluation ocean, sea-ice, tracer, and biogeochemical components of climate and earth system models, regional sea level change and near-term (climate/decadal) prediction;Griffies, S. M. et al.: OMIP contribution to CMIP6: experimental and diagnostic protocol for the physical component of the Ocean Model Intercomparison Project, Geosci. Model Dev., 9, 3231–3296, https://doi.org/10.5194/gmd-9-3231-2016, 2016. ;2016;Geoscientific Model Development;5.1;174;26;True;True;;;;;;;;;;;;;;;;;;;;;
PMIP;Paleoclimate Modeling Intercomparison Project (PMIP);Paleoclimate;1;S. Joussaume and K. E. Taylor;Atmosphere-only general circulation models (AGCMs) used to simulate paleoclimates, paleodata to evaluate models, understand mechanisms of past climate changes, model-model and model-data comparisons;Lorenz, S., Grieger, B., Helbig, P. et al. Investigating the sensitivity of the Atmospheric General Circulation Model ECHAM 3 to paleoclimatic boundary conditions. Geol Rundsch 85, 513–524 (1996). https://doi.org/10.1007/BF02369006;1996;International Journal of Earth Sciences (formerly Geologische Rundschau);2.3;109;20;False;False;;;;;;;;;;;;;;;;;;;;;
PMIP;Paleoclimate Modeling Intercomparison Project (PMIP);Paleoclimate;2;Sylvie Joussaume;role of climate feedbacks for climate subsystems, comparisons of coupled ocean-atmosphere models and ocean-atmosphere-vegetation, evaluate the capability of state of the art climate models to reproduce climate states;Crucifix, M., Braconnot, P., Harrison, S. P., and Otto-Bliesner, B. (2005), Second phase of paleoclimate modelling intercomparison project, Eos Trans. AGU, 86(28), 264–264, doi:10.1029/2005EO280003.;2005;Eos (formerly Eos, Transactions, American Geophysical Union);;52;18;False;False;;;;;;;;;;;;;;;;;;;;;
PMIP;Paleoclimate Modeling Intercomparison Project (PMIP);Paleoclimate;3;Pascale Braconnot, Sandy P. Harrison;run and evaluate CMIP5 paleoclimate simulations;Haywood, A. M., Ramstein, G., and Abe-Ouchi, A., (2011), Comparing structurally different climate models in a paleoenvironmental context,Eos Trans. AGU, 92(21), 180,  https://doi.org/10.1029/2011EO210005.;2011;Eos (formerly Eos, Transactions, American Geophysical Union);;2;21;True;False;;;;;;;;;;;;;;;;;;;;;
PMIP;Paleoclimate Modeling Intercomparison Project (PMIP);Paleoclimate;4;Jean-Yves Peterschmitt;millennium prior to the industrial epoch , the mid-Holocene, the Last Glacial Maximum, the Last Interglacial and the mid-Pliocene Warm Period; Kageyama, M. et al.: The PMIP4 contribution to CMIP6 – Part 1: Overview and over-arching analysis plan, Geosci. Model Dev., 11, 1033–1057, https://doi.org/10.5194/gmd-11-1033-2018, 2018. ;2018;Geoscientific Model Development;5.1;176;20;True;True;;;;;;;;;;;;;;;;;;;;;
PAMIP;Polar Amplification Model Intercomparison Project (PAMIP);Regional Climate;1;Doug Smith, James Screen, Clara Deser;local sea ice and remote sea surface temperature changes in driving polar amplification (larger change in surface temperature at high latitudes than the global average), responses to polar amplification;Smith, D. M. et al.: The Polar Amplification Model Intercomparison Project (PAMIP) contribution to CMIP6: investigating the causes and consequences of polar amplification, Geosci. Model Dev., 12, 1139–1164, https://doi.org/10.5194/gmd-12-1139-2019, 2019. ;2019;Geoscientific Model Development;5.1;178;14;True;True;;;;;;;;;;;;;;;;;;;;;
PILPS;Project for Intercomparison of Landsurface Parameterization Schemes (PILPS);Land Use;1;;"evaluating and improving land-surface schemes for climate
and weather prediction models";Henderson-Sellers, A., McGuffie, K. & Pitman, A. The Project for Intercomparison of Land-surface Parametrization Schemes (PILPS): 1992 to 1995. Climate Dynamics 12, 849–859 (1996). https://doi.org/10.1007/s003820050147;1996;Climate Dynamics;4.6;205;23;False;False;;;;;;;;;;;;;;;;;;;;;
PIRCS;Project to Intercompare Regional Climate Simulations (PIRCS);Regional Climate;1;William J. Gutowski;dynamic global vegetation models, global model resolution insufficient for simulating regional circulations that may interact with the landscape and influence local climate;Takle, E. S., et al. (1999), Project to Intercompare Regional Climate Simulations (PIRCS): Description and initial results, J. Geophys. Res., 104(D16), 19443–19461, doi:10.1029/1999JD900352.;1999;Journal of Geophysical Research: Atmospheres;4.4;240;8;False;False;;;;;;;;;;;;;;;;;;;;;
RFMIP;Radiative Forcing Model Intercomparison Project (RFMIP);Forcing;1;Robert Pincus, Piers Forster;evaluate the uncertainty in greenhouse gas and aerosol radiative forcing;Pincus, R., Forster, P. M., and Stevens, B.: The Radiative Forcing Model Intercomparison Project (RFMIP): experimental protocol for CMIP6, Geosci. Model Dev., 9, 3447–3460, https://doi.org/10.5194/gmd-9-3447-2016, 2016. ;2016;Geoscientific Model Development;5.1;148;35;True;?;;;;;;;;;;;;;;;;;;;;;
RAMI;Radiative Transfer Model Intercomparison (RAMI);Forcing;1;Sig Gerstl and Bernard Pinty;land surface schemes in weather and climate predictions, document variability of  between 1-D canopy reflectance models when run under well controlled experimental conditions;Pinty, B., N. Gobron, J.-L. Widlowski , S. A. W. Gerstl, M. M. Verstraete, M. Antunes, C. Bacour, F. Gascon, J.-P. Gastellu, N. Goel, S. Jacquemoud, P. North, W. Qin, and R. Thompson , Radiation Transfer Model Intercomparison (RAMI) Exercise (2001), Journal of Geophysical Research, 106, D11, 11937-11956, DOI: 10.1029/2000JD900493.;2000;Journal of Geophysical Research: Atmospheres;4.4;192;8;False;False;;;;;;;;;;;;;;;;;;;;;
RAMI;Radiative Transfer Model Intercomparison (RAMI);Forcing;2;Bernard Pinty, Jean-Luc Widlowski;include structurally complex 3-D plant architectures with and without background topography;Pinty, B. et al., RAdiation transfer Model Intercomparison (RAMI) exercise: Results from the second phase (2004), Journal of Geophysical Research, 109, D06210, 19, DOI: 10.1029/2003JD004252;2004;Journal of Geophysical Research: Atmospheres;4.4;212;13;False;False;;;;;;;;;;;;;;;;;;;;;
RAMI;Radiative Transfer Model Intercomparison (RAMI);Forcing;3;Bernard Pinty, Jean-Luc Widlowski;reproduce local estimates of radiative quantities under conditions similar to in situ measurements;Widlowski, J-L. et al., The third RAdiation transfer Model Intercomparison (RAMI) exercise: Documenting progress in canopy reflectance modelling (2007), Journal of Geophysical Research, 112, D09111, 28, DOI: 10.1029/2006JD007821.;2007;Journal of Geophysical Research: Atmospheres;4.4;301;18;False;False;;;;;;;;;;;;;;;;;;;;;
RAMI;Radiative Transfer Model Intercomparison (RAMI);Forcing;4;Bernard Pinty, Jean-Luc Widlowski;RAMI4PILPS, partitioning of  radiative shortwave surface fluxes (absorption, reflexion and transmission), testing against  global datasets of radiative surface fluxes;Widlowski J.L. et al., RAMI4PILPS: An intercomparison of formulations for the partitioning of solar radiation in land surface models (2011), Journal of Geophysical Research, 116, G02019, 25, DOI: 10.1029/2010JG001511.;2011;Journal of Geophysical Research: Biogeosciences;3.7;87;10;False;False;;;;;;;;;;;;;;;;;;;;;
RAMI;Radiative Transfer Model Intercomparison (RAMI);Forcing;5;Bernard Pinty, Jean-Luc Widlowski;RAMI IV, testing abstact against actual canopies;Widlowski J.-L. et al., The fourth Radiation Transfer Model Intercomparison (RAMI-IV): Proficiency Testing of Canopy Reflectance Models with ISO-13528. (2013), Journal of Geophysical Research - Atmospheres, 118, D09111, 13, DOI: 10.1002/jgrd.50497.;2013;Journal of Geophysical Research: Atmospheres;4.4;129;12;False;True;;;;;;;;;;;;;;;;;;;;;
RAMI;Radiative Transfer Model Intercomparison (RAMI);Forcing;6;Christian Lanconelli, Nadine Gobron and Mathias Disney;RAMI V, new plant environments;unpublished;;;;;;False;True;;;;;;;;;;;;;;;;;;;;;
RAMI;Radiative Transfer Model Intercomparison (RAMI);Forcing;7;Christian Lanconelli, Nadine Gobron and Mathias Disney;RAMI4ATM, account for atmospheric radiative effects occurring between the surface and the simulated signal;unpublished;;;;;;False;True;;;;;;;;;;;;;;;;;;;;;
RCMIP;Reduced-complexity model intercomparison project (RCMIP);Model Performance;1;Zebedee Nicholls, Malte Meinshausen;evaluating the global-mean temperature response of RCM's, varying relationship between temperature and cumulative CO2 emissions, mirror CMIP for comparison;Nicholls, Z. R. J. et al.: Reduced Complexity Model Intercomparison Project Phase 1: introduction and evaluation of global-mean temperature response, Geosci. Model Dev., 13, 5175–5190, https://doi.org/10.5194/gmd-13-5175-2020, 2020.;2020;Geoscientific Model Development;5.1;56;15;False;False;;;;;;;;;;;;;;;;;;;;;
RCMIP;Reduced-complexity model intercomparison project (RCMIP);Model Performance;2;Zebedee Nicholls, Malte Meinshausen;RCM's reproduce different climate metrics (e.g. historic warming);Nicholls, Z., Meinshausen, M., Lewis, J., Corradi, M. R., Dorheim, K., Gasser, T., et al. (2021). Reduced complexity Model Intercomparison Project Phase 2: Synthesizing Earth system knowledge for probabilistic climate projections. Earth's Future, 9, e2020EF001900. https://doi.org/10.1029/2020EF001900;2021;Earth's Future;8.2;39;9;False;False;;;;;;;;;;;;;;;;;;;;;
RCMIP;Reduced-complexity model intercomparison project (RCMIP);Model Performance;3;Zebedee Nicholls, Malte Meinshausen;Carbon cycle;unpublished;;;;;;False;True;;;;;;;;;;;;;;;;;;;;;
RMIP;Regional Climate Model Inter-comparison Project for Asia (RMIP);Regional Climate;1;Congbin Fu;reproduce annual cycles of East Asian drought and heat waves (summer 1997) and flooding in Korea, Japan, and the Yangtze and Songhua River valleys of China (summer of 1998);Fu, C., Wang, S., Xiong, Z., Gutowski, W. J., Lee, D., McGregor, J. L., Sato, Y., Kato, H., Kim, J., & Suh, M. (2005). Regional Climate Model Intercomparison Project for Asia. Bulletin of the American Meteorological Society, 86(2), 257-266. https://doi.org/10.1175/BAMS-86-2-257;2005;Bulletin of the American Meteorological Society;8;355;9;False;;;;;;;;;;;;;;;;;;;;;;
RMIP;Regional Climate Model Inter-comparison Project for Asia (RMIP);Regional Climate;2;;"reproduce statistical behavior of the Asian monsoon
climate (1989-1998)";Feng, J., Fu, C. Inter-comparison of 10-year precipitation simulated by several RCMs for Asia. Adv. Atmos. Sci. 23, 531–542 (2006). https://doi.org/10.1007/s00376-006-0531-2;2006;Advances in Atmospheric Sciences;5.8;49;6;False;;;;;;;;;;;;;;;;;;;;;;
RMIP;Regional Climate Model Inter-comparison Project for Asia (RMIP);Regional Climate;3;;RCM simulations driven by GCM output under different forcing scenarios, RCMs and a stretched-grid GCM to downscale European Centre/Hamburg version 5 (ECHAM5), build Asian regional climate change projection and understand the associated uncertainty;Hong, SY., Moon, NK., Lim, KS.S. et al. Future climate change scenarios over Korea using a multi-nested downscaling system: A pilot study. Asia-Pacific J Atmos Sci 46, 425–435 (2010). https://doi.org/10.1007/s13143-010-0024-1;2010;Asia-Pacific Journal of Atmospheric Sciences;2.3;51;10;False;;;;;;;;;;;;;;;;;;;;;;
SIMIP;Sea-Ice Model Intercomparison Project (SIMIP);Ocean/Land/Ice;1;Alexandra Jahn, Dirk Notz;diagnostic MIP, quantify projection uncertainties based on multi-model ensembles, why do sea ice models differ from observational record;Kreyscher, M., Harder, M., & Lemke, P. (1997). First results of the Sea-Ice Model Intercomparison Project (SIMIP). Annals of Glaciology, 25, 8-11. doi:10.3189/S0260305500013719;1997;Annals of Glaciology;2.9;40;4;False;;;;;;;;;;;;;;;;;;;;;;
SIMIP;Sea-Ice Model Intercomparison Project (SIMIP);Ocean/Land/Ice;2;Alexandra Jahn, Dirk Notz; improve the representation of sea ice thermodynamic processes, predict the sea ice thickness temporal evolution forced with observational data from the Surface Heat Balance of the Arctic Ocean (SHEBA) project;Huwald, H., Tremblay, L.-B., and Blatter, H. (2005), A multilayer sigma-coordinate thermodynamic sea ice model: Validation against Surface Heat Budget of the Arctic Ocean (SHEBA)/Sea Ice Model Intercomparison Project Part 2 (SIMIP2) data, J. Geophys. Res., 110, C05010, doi:10.1029/2004JC002328. ;2005;Journal of Geophysical Research: Oceans;3.6;42;;False;;;;;;;;;;;;;;;;;;;;;;
SIMIP;Sea-Ice Model Intercomparison Project (SIMIP);Ocean/Land/Ice;3;Alexandra Jahn, Dirk Notz;NEW: CMIP6-endorsed SIMIP, improve CMIP5 sea-ice simulations, best practices for regridding sea ice model output, long time-series sea ice reanalysis dataset, spatio-temporal characteristics of sea ice;Notz, D., Jahn, A., Holland, M., Hunke, E., Massonnet, F., Stroeve, J., Tremblay, B., and Vancoppenolle, M.: The CMIP6 Sea-Ice Model Intercomparison Project (SIMIP): understanding sea ice through climate-model simulations, Geosci. Model Dev., 9, 3427–3446, https://doi.org/10.5194/gmd-9-3427-2016, 2016. ;2016;Geoscientific Model Development;5.1;57;;True;True;;;;;;;;;;;;;;;;;;;;;
ScenarioMIP;Scenario Model Intercomparison Project (ScenarioMIP);Scenarios;1;Detlef van Vuuren;multi-model climate projections based on eight alternative scenarios of future emissions and land use changes produced with integrated assessment models with one initial condition ensemble;O'Neill, B. C., Tebaldi, C., van Vuuren, D. P., Eyring, V., Friedlingstein, P., Hurtt, G., Knutti, R., Kriegler, E., Lamarque, J.-F., Lowe, J., Meehl, G. A., Moss, R., Riahi, K., and Sanderson, B. M.: The Scenario Model Intercomparison Project (ScenarioMIP) for CMIP6, Geosci. Model Dev., 9, 3461–3482, https://doi.org/10.5194/gmd-9-3461-2016, 2016.;2016;Geoscientific Model Development;5.1;1862;56;True;True;;;;;;;;;;;;;;;;;;;;;
SnowMIP;Snow Models Intercomparison Project (SnowMIP );Ocean/Land/Ice;0;;inter-model variability in their predictions of peak accumulation and timing of runoff, duration of snow cover consistent;Essery, R., Martin, E., Douville, H. et al. A comparison of four snow models using observations from an alpine site. Climate Dynamics 15, 583–593 (1999). https://doi.org/10.1007/s003820050302;1999;Climate Dynamics;4.6;109;4;False;;;;;;;;;;;;;;;;;;;;;;
SnowMIP;Snow Models Intercomparison Project (SnowMIP );Ocean/Land/Ice;1;; impact of model complexity on the energy-budget components, albedo parameterization and complexoty explained accuracy of forecasts;Etchevers, P. et al. (2004). Validation of the energy budget of an alpine snowpack simulated by several snow models (Snow MIP project). Annals of Glaciology, 38, 150-158. doi:10.3189/172756404781814825;2004;Annals of Glaciology;2.9;277;23;False;;;;;;;;;;;;;;;;;;;;;;
SnowMIP;Snow Models Intercomparison Project (SnowMIP );Ocean/Land/Ice;2;Eric Martin, Richard Essery;snowpack models, snow water equivalent (SWE) or depth were compared to observations, precipitation phase and duration of above-freezing air temperatures are major influences on divergence and convergence of estimates of subcanopy snowpack;Rutter, N., et al. (2009), Evaluation of forest snow processes models (SnowMIP2), J. Geophys. Res., 114, D06111, doi:10.1029/2008JD011063. ;2009;Journal of Geophysical Research: Atmospheres;4.4;391;33;True;True;;;;;;;;;;;;;;;;;;;;;
SGMIP;Stretched Grid Model Intercomparison Project (SGMIP);Model Performance;1;Michael S. Fox-Rabinovitz, WCRP (WGCM);Variable-resolution GCMs using a global stretched grid (SG) with enhanced regional resolution, avoid irregular spacing, increase computational efficiency;"Fox-Rabinovitz, M. S., Stenchikov, G. L., Suarez, M. J., Takacs, L. L., & Govindaraju, R. C. (2000). A Uniform- and Variable-Resolution Stretched-Grid GCM Dynamical Core with Realistic Orography. Monthly Weather Review, 128(6), 1883-1898. https://doi.org/10.1175/1520-0493(2000)128<1883:AUAVRS>2.0.CO;2";2000;Monthly Weather Review;3.2;34;;False;False;;;;;;;;;;;;;;;;;;;;;
STOIC;Study of Tropical Oceans In Coupled models (STOIC);Ocean/Land/Ice;1;Michael. Davey (UKMO), WCRP (WGCM);intercomparison of tropical ocean behaviour in coupled ocean-atmosphere models, on seasonal and interannual timescales, pacific region, counter part of ENSIP (CMIP);Davey, .M., Huddleston, .M., Sperber, .K. et al. STOIC: a study of coupled model climatology and variability in tropical ocean regions. Climate Dynamics 18, 403–420 (2002). https://doi.org/10.1007/s00382-001-0188-6;2002;Climate Dynamics;4.6;428;23;False;False;;;;;;;;;;;;;;;;;;;;;
T-AMIP;Transpose-Atmospheric Model Intercomparison Project (T-AMIP);Atmosphere;0;Stephen Klein, Shaocheng Xie;comparing climate model weather forecasts against observations b/c many sources of model spread in climate change simulations are 'fast-processes' (e.g. clouds), pilot: CCPP-ARM Parameterization Testbed (CAPT);Phillips, T. J. et al. (2004). Evaluating Parameterizations in General Circulation Models: Climate Simulation Meets Weather Prediction. Bulletin of the American Meteorological Society, 85(12), 1903-1916. https://doi.org/10.1175/BAMS-85-12-1903;2004;Journal of Climate;4.9;227;1;False;;;;;;;;;;;;;;;;;;;;;;
T-AMIP;Transpose-Atmospheric Model Intercomparison Project (T-AMIP);Atmosphere;1;;prove of concept;unpublished;2009;;;;6;False;;;;;;;;;;;;;;;;;;;;;;
T-AMIP;Transpose-Atmospheric Model Intercomparison Project (T-AMIP);Atmosphere;2;Keith Williams;global analysis;Williams, K. D. et al. (2013). The Transpose-AMIP II Experiment and Its Application to the Understanding of Southern Ocean Cloud Biases in Climate Models. Journal of Climate, 26(10), 3258-3274. https://doi.org/10.1175/JCLI-D-12-00429.1;2013;Journal of Climate;4.9;183;5;False;maybe;;;;;;;;;;;;;;;;;;;;;
VolMIP;Volcanic Forcings Model Intercomparison Project (VolMIP);Forcing;1;Davide Zanchettin, Claudia Timmreck, Myriam Khodri;large uncertainties regarding the climatic responses (precipitation response, radiative forcing and oceanic thermohaline circulation) to strong volcanic eruptions identified in CMIP5;Zanchettin, D. et al.: The Model Intercomparison Project on the climatic response to Volcanic forcing (VolMIP): experimental design and forcing input data for CMIP6, Geosci. Model Dev., 9, 2701–2719, https://doi.org/10.5194/gmd-9-2701-2016, 2016. ;2016;Geoscientific Model Development;5.1;154;11;True;True;;;;;;;;;;;;;;;;;;;;;
VIACSAB;Vulnerability, Impacts, Adaptation and Climate Services Advisory Board (VIACSAB);Impacts;1;Claas Teichmann, Alex Ruane;bridge between climate change applications experts and climate modelers;Ruane, A. C. et al.: The Vulnerability, Impacts, Adaptation and Climate Services Advisory Board (VIACS AB v1.0) contribution to CMIP6, Geosci. Model Dev., 9, 3493–3515, https://doi.org/10.5194/gmd-9-3493-2016, 2016.;2016;Geoscientific Model Development;5.1;34;14;True;True;;;;;;;;;;;;;;;;;;;;;
Radon;WCRP Radon Intercomparison;Aerosols;1;Daniel Jacob;evaluation of short-lived tracer transport (especially of radon) in chemical transport models against;Jacob, D. J., et al. (1997), Evaluation and intercomparison of global atmospheric transport models using 222Rn and other short-lived tracers, J. Geophys. Res., 102(D5), 5953–5970, doi:10.1029/96JD02955. ;1997;Journal of Geophysical Research: Atmospheres;4.4;316;20;False;False;;;;;;;;;;;;;;;;;;;;;
Tracer;WCRP Scavenging Tracer Intercomparison;Aerosols;1;Phil Rasch;scavenging and deposition processes in global transport models, simulations of radon, lead, sulfur dioxide and sulfate against observations, seasonal species concentrations near the surface over continental sites;Rasch, P. J. et al.: A comparison of scavenging and deposition processes in global models: results from the WCRP Cambridge Workshop of 1995, Tellus B, 52(4), 1025-1056, https://doi.org/10.3402/tellusb.v52i4.17091;2003;Tellus B;;204;15;False;False;;;;;;;;;;;;;;;;;;;;;
